key	id	ms	es	fil	fr	vi	hi	th	ja	ko
搜尋景點、地區或城市	Cari atraksi, wilayah, atau kota	Cari tarikan, wilayah atau bandar	Buscar atracciones, regiones o ciudades	Maghanap ng atraksyon, rehiyon o lungsod	Rechercher des attractions, régions ou villes	Tìm điểm tham quan, khu vực hoặc thành phố	आकर्षण, क्षेत्र या शहर खोजें	ค้นหาสถานที่ท่องเที่ยว ภูมิภาค หรือเมือง	観光スポット・エリア・都市を検索	관광지, 지역 또는 도시 검색
下載 App 享優惠	Dapatkan Promo Eksklusif di App	Dapatkan Tawaran Eksklusif Aplikasi	Ofertas exclusivas en la app	Kunin ang Eksklusibong App Deals	Offres exclusives sur l'app	Nhận ưu đãi độc quyền trên App	ऐप पर विशेष ऑफ़र पाएं	รับดีลพิเศษบนแอป	アプリ限定の特典を入手	앱 전용 혜택 받기
購物車	Keranjang	Troli	Carrito	Cart	Panier	Giỏ hàng	कार्ट	ตะกร้า	カート	장바구니
住宿	Akomodasi	Penginapan	Alojamiento	Tuluyan	Hébergements	Lưu trú	ठहरने की जगह	ที่พัก	宿泊	숙박
景點門票	Tiket Atraksi	Tiket Tarikan	Entradas	Tiket sa Atraksyon	Billets	Vé tham quan	आकर्षण टिकट	ตั๋วสถานที่ท่องเที่ยว	観光チケット	관광지 티켓
觀光行程	Tur	Lawatan	Tours	Mga Tour	Circuits	Tour	टूर	ทัวร์	ツアー	투어
美食 & 生鮮	Kuliner & Segar	Makanan & Segar	Gastronomía	Pagkain & Sariwa	Gastronomie	Ẩm thực	खान-पान	อาหาร	グルメ	미식
戶外活動	Aktivitas Luar Ruang	Aktiviti Luar	Aire libre	Outdoor	Plein air	Ngoài trời	आउटडोर	กิจกรรมกลางแจ้ง	アウトドア	아웃도어
全球租車	Sewa Mobil	Sewa Kereta	Alquiler de coches	Rent a Car	Location de voiture	Thuê xe	कार किराया	เช่ารถ	レンタカー	렌터카
舒壓 & 放鬆	Spa & Relaksasi	Spa & Relaks	Spa y bienestar	Spa & Relax	Spa & détente	Spa & thư giãn	स्पा	สปา	スパ・リラックス	스파 & 휴식
伴手禮	Oleh-oleh	Cenderamata	Recuerdos	Pasalubong	Souvenirs	Quà lưu niệm	स्मृति चिन्ह	ของฝาก	お土産	기념품
活動 & 展覽	Acara & Pameran	Acara & Pameran	Eventos	Events & Exhibits	Événements	Sự kiện	इवेंट	กิจกรรม & นิทรรศการ	イベント・展示	이벤트 & 전시
工作坊 & 在地文化	Workshop & Budaya Lokal	Bengkel & Budaya	Talleres y cultura	Workshop & Kultura	Ateliers & culture	Workshop & văn hóa	वर्कशॉप	เวิร์กช็อป & วัฒนธรรม	ワークショップ・文化	워크숍 & 문화
全球上網	Internet ke Mana Saja	Internet Global	Conéctate en todo el mundo	Global Internet	Connecté partout	Kết nối toàn cầu	दुनिया भर में इंटरनेट	อินเทอร์เน็ตทั่วโลก	世界中でつながる	전 세계 인터넷
輕鬆出發，無憂暢遊全球	Berangkat santai, tetap online di mana saja	Bertolak santai, kekal dalam talian	Viaja tranquilo y conectado en todo el mundo	Umalis nang panatag, online saanman	Partez léger, restez connecté partout	Xuất phát nhẹ nhàng, kết nối mọi nơi	बेफ़िक्र यात्रा, हर जगह ऑनलाइन	ออกเดินทางสบายใจ ออนไลน์ได้ทุกที่	気軽に出発、世界中どこでも快適にネット接続	가볍게 떠나고 어디서나 연결
目的地	Destinasi	Destinasi	Destino	Destinasyon	Destination	Điểm đến	गंतव्य	จุดหมาย	目的地	목적지
SIM卡	Kartu SIM	Kad SIM	Tarjeta SIM	SIM Card	Carte SIM	SIM	सिम कार्ड	ซิมการ์ด	SIMカード	유심
請先選擇目的地	Pilih destinasi dulu	Pilih destinasi dahulu	Selecciona un destino primero	Pumili muna ng destinasyon	Choisissez d'abord une destination	Vui lòng chọn điểm đến trước	पहले गंतव्य चुनें	โปรดเลือกจุดหมายก่อน	まず目的地を選択してください	먼저 목적지를 선택하세요
更多	Lainnya	Lagi	Más	Higit pa	Plus	Thêm	और	เพิ่มเติม	もっと見る	더보기
最近選擇	Baru dipilih	Pilihan terkini	Selección reciente	Kamakailang pinili	Sélections récentes	Chọn gần đây	हाल में चुने गए	เลือกล่าสุด	最近の選択	최근 선택
用卡天數	Jumlah hari	Bilangan hari	Días de uso	Bilang ng araw	Nombre de jours	Số ngày sử dụng	उपयोग के दिन	จำนวนวัน	利用日数	사용 일수
流量	Data	Data	Datos	Data	Données	Dữ liệu	डेटा	ดาต้า	データ	데이터
不知道怎麼選	Bingung memilih?	Tak pasti nak pilih?	¿No sabes cuál elegir?	Hindi alam ang pipiliin?	Vous hésitez ?	Không biết chọn gì?	चुनने में मदद चाहिए?	ไม่รู้จะเลือกอะไร	選び方がわからない	선택이 어려우신가요
每日流量	Data harian	Data harian	Datos diarios	Pang-araw-araw na data	Données par jour	Dữ liệu mỗi ngày	दैनिक डेटा	ดาต้ารายวัน	1日あたり	일일 데이터
總流量	Total data	Jumlah data	Datos totales	Kabuuang data	Données totales	Tổng dữ liệu	कुल डेटा	ดาต้ารวม	総容量	총 데이터
無限流量	Tanpa batas	Tanpa had	Ilimitado	Unlimited	Illimité	Không giới hạn	असीमित	ไม่จำกัด	無制限	무제한
推薦	Populer	Popular	Popular	Sikat	Populaire	Phổ biến	लोकप्रिय	ยอดนิยม	おすすめ	추천
無限不降速	Tanpa batas, tanpa throttling	Tanpa had, tiada pelambatan	Ilimitado sin reducción	Unlimited, walang throttling	Illimité sans bridage	Không giới hạn, không giảm tốc	असीमित, बिना धीमा	ไม่จำกัด ไม่ลดสปีด	無制限・速度制限なし	무제한 속도제한 없음
無限流量高速	Tanpa batas kecepatan tinggi	Tanpa had kelajuan tinggi	Ilimitado alta velocidad	Unlimited high-speed	Illimité haut débit	Không giới hạn tốc độ cao	असीमित हाई-स्पीड	ไม่จำกัด ความเร็วสูง	無制限・高速	무제한 고속
無限到量降速	Tanpa batas, melambat setelah kuota	Tanpa had, perlahan selepas kuota	Ilimitado con reducción tras cuota	Unlimited, bumagal pagkalampas	Illimité, bridé après quota	Không giới hạn, giảm tốc sau mức	असीमित, कोटा बाद धीमा	ไม่จำกัด ลดสปีดหลังครบ	無制限・到量後低速	무제한 초과 시 저속
無限流量輕速	Tanpa batas kecepatan ringan	Tanpa had kelajuan rendah	Ilimitado baja velocidad	Unlimited light-speed	Illimité bas débit	Không giới hạn tốc độ thấp	असीमित लो-स्पीड	ไม่จำกัด ความเร็วต่ำ	無制限・低速	무제한 저속
搜尋套餐	Cari paket	Cari pelan	Buscar planes	Maghanap ng plano	Rechercher des forfaits	Tìm gói	प्लान खोजें	ค้นหาแพ็กเกจ	プランを検索	요금제 검색
首頁	Beranda	Laman utama	Inicio	Home	Accueil	Trang chủ	होम	หน้าแรก	ホーム	홈
為什麼選擇KKday？	Mengapa KKday?	Mengapa KKday?	¿Por qué KKday?	Bakit KKday?	Pourquoi KKday ?	Vì sao chọn KKday?	KKday क्यों?	ทำไมต้อง KKday?	KKdayが選ばれる理由	KKday를 선택하는 이유
常見問題	FAQ	Soalan lazim	Preguntas frecuentes	FAQ	FAQ	Câu hỏi thường gặp	अक्सर पूछे जाने वाले प्रश्न	คำถามที่พบบ่อย	よくある質問	자주 묻는 질문
查看更多	Lihat lebih banyak	Lihat lagi	Ver más	Tingnan pa	Voir plus	Xem thêm	और देखें	ดูเพิ่มเติม	もっと見る	더보기
探索更多	Jelajahi lebih banyak	Teroka lagi	Explorar más	Tuklasin pa	Explorer plus	Khám phá thêm	और खोजें	สำรวจเพิ่มเติม	もっと探す	더 둘러보기
請選擇目的地	Pilih destinasi	Pilih destinasi	Selecciona destino	Pumili ng destinasyon	Choisir une destination	Chọn điểm đến	गंतव्य चुनें	เลือกจุดหมาย	目的地を選択	목적지 선택
清除	Hapus	Kosongkan	Borrar	I-clear	Effacer	Xóa	साफ़ करें	ล้าง	クリア	초기화
確定	OK	OK	Confirmar	OK	Valider	Xác nhận	ठीक है	ตกลง	確定	확인
出發日期	Tanggal berangkat	Tarikh berlepas	Fecha de salida	Petsa ng alis	Date de départ	Ngày khởi hành	प्रस्थान तिथि	วันเดินทาง	出発日	출발일
通訊產品	Jenis produk	Jenis produk	Tipo de producto	Uri ng produkto	Type de produit	Loại sản phẩm	उत्पाद प्रकार	ประเภทสินค้า	商品タイプ	상품 유형
領取方式	Cara pengambilan	Cara pengambilan	Método de recogida	Paraan ng pagkuha	Mode de retrait	Cách nhận	प्राप्ति का तरीका	วิธีรับ	受取方法	수령 방법
商品特性	Fitur	Ciri	Características	Mga feature	Caractéristiques	Đặc điểm	विशेषताएँ	คุณสมบัติ	特徴	특징
旅遊天數	Lama perjalanan	Tempoh perjalanan	Duración del viaje	Haba ng biyahe	Durée du voyage	Số ngày đi	यात्रा अवधि	ระยะเวลาเดินทาง	旅行日数	여행 기간
價格區間 (NT$)	Rentang harga (NT$)	Julat harga (NT$)	Rango de precio (NT$)	Saklaw ng presyo (NT$)	Fourchette de prix (NT$)	Khoảng giá (NT$)	मूल्य सीमा (NT$)	ช่วงราคา (NT$)	価格帯 (NT$)	가격대 (NT$)
搜尋結果	hasil	hasil	resultados	resulta	résultats	kết quả	परिणाम	รายการ	件	개 결과
搜尋結果頁	Hasil pencarian	Hasil carian	Resultados	Mga resulta	Résultats	Kết quả tìm kiếm	खोज परिणाम	ผลการค้นหา	検索結果	검색 결과
KKday 推薦	Pilihan KKday	Pilihan KKday	Recomendado	Pinili ng KKday	Sélection KKday	KKday đề xuất	KKday की पसंद	KKday แนะนำ	KKdayおすすめ	KKday 추천
價格低到高	Harga terendah	Harga rendah ke tinggi	Precio: menor a mayor	Presyo: mababa	Prix croissant	Giá thấp đến cao	कम से अधिक मूल्य	ราคาต่ำไปสูง	価格の安い順	낮은 가격순
高評分優先	Rating tertinggi	Penilaian tertinggi	Mejor valorados	Pinakamataas na rating	Mieux notés	Đánh giá cao	उच्च रेटिंग	คะแนนสูงสุด	評価の高い順	평점 높은순
高銷量優先	Terlaris	Paling laris	Más vendidos	Pinakamabenta	Meilleures ventes	Bán chạy	सबसे ज़्यादा बिकने वाले	ขายดีที่สุด	人気順	판매순
信賴商家	Merchant tepercaya	Peniaga dipercayai	Vendedor de confianza	Pinagkakatiwalaan	Marchand de confiance	Nhà bán uy tín	विश्वसनीय विक्रेता	ร้านค้าที่เชื่อถือได้	信頼できる販売者	신뢰할 수 있는 판매자
免費取消	Pembatalan gratis	Pembatalan percuma	Cancelación gratis	Libreng kanselasyon	Annulation gratuite	Hủy miễn phí	मुफ़्त रद्दीकरण	ยกเลิกฟรี	無料キャンセル	무료 취소
立即確認	Konfirmasi instan	Pengesahan segera	Confirmación inmediata	Agarang kumpirmasyon	Confirmation immédiate	Xác nhận ngay	तुरंत पुष्टि	ยืนยันทันที	即時確定	즉시 확정
即買即用	Langsung pakai	Guna serta-merta	Uso inmediato	Gamit agad	Utilisable immédiatement	Dùng ngay	तुरंत उपयोग	ใช้ได้ทันที	すぐに使える	바로 사용
包含功能	Fitur	Ciri	Funciones	Mga feature	Fonctions	Tính năng	सुविधाएँ	ฟีเจอร์	機能	기능
支持熱點	Hotspot	Hotspot	Hotspot	Hotspot	Partage de connexion	Hotspot	हॉटस्पॉट	ฮอตสปอต	テザリング	핫스팟
含本地通話	Panggilan lokal	Panggilan tempatan	Llamadas locales	Lokal na tawag	Appels locaux	Gọi nội địa	स्थानीय कॉल	โทรในประเทศ	国内通話	현지 통화
可以加值	Isi ulang	Tambah nilai	Recarga	Top-up	Rechargeable	Nạp thêm	टॉप-अप	เติมเงิน	チャージ可	충전 가능
SIM卡類型	Jenis SIM	Jenis SIM	Tipo de SIM	Uri ng SIM	Type de SIM	Loại SIM	सिम प्रकार	ประเภทซิม	SIMタイプ	유심 유형
原生卡	SIM lokal	SIM tempatan	SIM local	Lokal na SIM	SIM locale	SIM nội địa	स्थानीय सिम	ซิมท้องถิ่น	現地SIM	현지 유심
國際漫遊卡	SIM roaming	SIM perayauan	SIM de roaming	Roaming SIM	SIM roaming	SIM chuyển vùng	रोमिंग सिम	ซิมโรมมิ่ง	ローミングSIM	로밍 유심
IP類型	Jenis IP	Jenis IP	Tipo de IP	Uri ng IP	Type d'IP	Loại IP	IP प्रकार	ประเภท IP	IPタイプ	IP 유형
本地	Lokal	Tempatan	Local	Lokal	Local	Nội địa	स्थानीय	ท้องถิ่น	現地	현지
漫遊	Roaming	Perayauan	Roaming	Roaming	Roaming	Chuyển vùng	रोमिंग	โรมมิ่ง	ローミング	로밍
傳輸規格	Jaringan	Rangkaian	Red	Network	Réseau	Mạng	नेटवर्क	เครือข่าย	ネットワーク	네트워크
流量激活計算方式	Cara aktivasi data	Cara pengaktifan data	Método de activación	Paraan ng activation	Méthode d'activation	Cách tính kích hoạt	डेटा सक्रियण विधि	วิธีนับการใช้งาน	データ起算方式	데이터 개시 기준
24小時制	24 jam	24 jam	24 horas	24 oras	24 heures	24 giờ	24 घंटे	24 ชั่วโมง	24時間制	24시간제
自然日制	Hari kalender	Hari kalendar	Día natural	Kalendaryong araw	Jour calendaire	Ngày lịch	कैलेंडर दिन	วันปฏิทิน	暦日制	자연일 기준
總量制	Total kuota	Jumlah kuota	Volumen total	Kabuuang volume	Volume total	Tổng dung lượng	कुल मात्रा	ปริมาณรวม	総量制	총량제
使用日期	Tanggal pakai	Tarikh guna	Fecha de uso	Petsa ng paggamit	Date d'utilisation	Ngày sử dụng	उपयोग तिथि	วันที่ใช้	利用日	사용 날짜
今天	Hari ini	Hari ini	Hoy	Ngayon	Aujourd'hui	Hôm nay	आज	วันนี้	今日	오늘
明天	Besok	Esok	Mañana	Bukas	Demain	Ngày mai	कल	พรุ่งนี้	明日	내일
選擇日期	Pilih tanggal	Pilih tarikh	Elegir fecha	Pumili ng petsa	Choisir une date	Chọn ngày	तारीख़ चुनें	เลือกวันที่	日付を選択	날짜 선택
服務保障	Jaminan	Jaminan	Garantías	Garantiya	Garanties	Đảm bảo	गारंटी	การรับประกัน	保証	보장
訂單填寫	Isi pesanan	Isi tempahan	Datos del pedido	Detalye ng order	Détails de commande	Điền đơn hàng	ऑर्डर विवरण	กรอกข้อมูลสั่งซื้อ	注文情報	주문 작성
付款	Pembayaran	Pembayaran	Pago	Bayad	Paiement	Thanh toán	भुगतान	ชำระเงิน	お支払い	결제
國家/地區	Negara/Wilayah	Negara/Wilayah	País/Región	Bansa/Rehiyon	Pays/Région	Quốc gia/Khu vực	देश/क्षेत्र	ประเทศ/ภูมิภาค	国・地域	국가/지역
多國區域	Wilayah multi-negara	Rantau berbilang negara	Regiones	Multi-bansa	Régions	Khu vực đa quốc gia	बहु-देशीय क्षेत्र	หลายประเทศ	複数国エリア	다국가 지역
多國自由選擇	Pilih negara bebas	Pilih negara bebas	Selección personalizada	Piliin ang mga bansa	Sélection libre	Tự chọn nhiều nước	अपनी पसंद के देश	เลือกประเทศเอง	自由に複数国を選択	국가 직접 선택
最多可選擇5個	Maks. 5	Maks. 5	Máx. 5	Hanggang 5	5 max.	Tối đa 5	अधिकतम 5	สูงสุด 5	最大5件	최대 5개
已選擇	Dipilih	Dipilih	Seleccionados	Napili	Sélectionnés	Đã chọn	चयनित	เลือกแล้ว	選択中	선택됨
關閉	Tutup	Tutup	Cerrar	Isara	Fermer	Đóng	बंद करें	ปิด	閉じる	닫기
輸入國家或地區名稱搜尋	Cari nama negara/wilayah	Cari nama negara/wilayah	Buscar país o región	Maghanap ng bansa o rehiyon	Rechercher un pays ou une région	Tìm tên quốc gia/khu vực	देश या क्षेत्र खोजें	ค้นหาชื่อประเทศ/ภูมิภาค	国・地域名で検索	국가/지역명 검색
熱門	Populer	Popular	Popular	Sikat	Populaire	Phổ biến	लोकप्रिय	ยอดนิยม	人気	인기
清除所有	Hapus semua	Kosongkan semua	Borrar todo	I-clear lahat	Tout effacer	Xóa tất cả	सब साफ़ करें	ล้างทั้งหมด	すべてクリア	모두 지우기
貼心提醒	Pengingat	Peringatan	Recordatorio	Paalala	Rappel	Lưu ý	सूचना	ข้อควรทราบ	ご確認ください	안내
確認訂購	Konfirmasi pesanan	Sahkan tempahan	Confirmar pedido	Kumpirmahin	Confirmer la commande	Xác nhận đặt	ऑर्डर पुष्टि करें	ยืนยันการสั่งซื้อ	注文を確定	주문 확인
選擇流量	Pilih data	Pilih data	Elegir datos	Pumili ng data	Choisir les données	Chọn dữ liệu	डेटा चुनें	เลือกดาต้า	データを選択	데이터 선택
規格詳情	Detail spesifikasi	Butiran spesifikasi	Detalles	Detalye ng specs	Détails	Chi tiết thông số	विवरण	รายละเอียดสเปก	仕様詳細	사양 상세
詳情	Detail	Butiran	Detalles	Detalye	Détails	Chi tiết	विवरण	รายละเอียด	詳細	상세
訂購	Pesan	Tempah	Reservar	Mag-book	Réserver	Đặt mua	बुक करें	จอง	予約する	예약
服務說明	Ringkasan	Ringkasan	Descripción	Overview	Aperçu	Tổng quan	विवरण	ภาพรวม	概要	개요
如何使用	Cara pakai	Cara guna	Cómo usar	Paano gamitin	Utilisation	Cách dùng	उपयोग विधि	วิธีใช้	使い方	사용 방법
取消政策	Kebijakan pembatalan	Polisi pembatalan	Política de cancelación	Patakaran sa kanselasyon	Annulation	Chính sách hủy	रद्दीकरण नीति	นโยบายยกเลิก	キャンセルポリシー	취소 정책
評論	Ulasan	Ulasan	Reseñas	Mga review	Avis	Đánh giá	समीक्षाएँ	รีวิว	レビュー	리뷰
費用資訊	Biaya	Yuran	Precios	Presyo	Tarifs	Chi phí	शुल्क	ค่าใช้จ่าย	料金	요금 안내
購買須知	Sebelum membeli	Sebelum membeli	Antes de comprar	Bago bumili	À savoir	Lưu ý trước khi mua	खरीद से पहले	ก่อนซื้อ	購入前の注意	구매 전 안내
圖文詳情	Panduan	Panduan	Guía	Gabay	Guide	Hướng dẫn	गाइड	คู่มือ	ガイド	가이드
基本資訊	Info dasar	Maklumat asas	Información básica	Basic info	Infos de base	Thông tin cơ bản	मूल जानकारी	ข้อมูลพื้นฐาน	基本情報	기본 정보
展開	Perluas	Kembangkan	Ver más	Palawakin	Développer	Mở rộng	विस्तार	ขยาย	もっと見る	펼치기
收起	Tutup	Kecilkan	Ver menos	Tiklupin	Réduire	Thu gọn	समेटें	ย่อ	閉じる	접기
折扣券	Kupon	Kupon	Cupones	Kupon	Coupons	Phiếu giảm giá	कूपन	คูปอง	クーポン	쿠폰
啟用日期	Tanggal aktivasi	Tarikh pengaktifan	Fecha de activación	Petsa ng activation	Date d'activation	Ngày kích hoạt	सक्रियण तिथि	วันที่เปิดใช้งาน	開通日	개통일
請選擇日期	Pilih tanggal	Sila pilih tarikh	Selecciona una fecha	Pumili ng petsa	Veuillez choisir une date	Vui lòng chọn ngày	तारीख़ चुनें	โปรดเลือกวันที่	日付を選択してください	날짜를 선택하세요
購買數量	Jumlah	Kuantiti	Cantidad	Dami	Quantité	Số lượng	मात्रा	จำนวน	購入数	수량
訂購人資料	Data pemesan	Maklumat penempah	Datos del comprador	Detalye ng booker	Coordonnées	Thông tin người đặt	बुकर विवरण	ข้อมูลผู้จอง	予約者情報	예약자 정보
名字	Nama depan	Nama pertama	Nombre	Pangalan	Prénom	Tên	पहला नाम	ชื่อ	名	이름
姓氏	Nama belakang	Nama keluarga	Apellido	Apelyido	Nom	Họ	उपनाम	นามสกุล	姓	성
國籍	Kewarganegaraan	Kewarganegaraan	Nacionalidad	Nasyonalidad	Nationalité	Quốc tịch	राष्ट्रीयता	สัญชาติ	国籍	국적
電子郵件信箱	Email	E-mel	Correo electrónico	Email	E-mail	Email	ईमेल	อีเมล	メールアドレス	이메일
電話號碼	Nomor telepon	Nombor telefon	Teléfono	Numero ng telepono	Téléphone	Số điện thoại	फ़ोन नंबर	หมายเลขโทรศัพท์	電話番号	전화번호
旅客資料	Data penumpang	Maklumat pelancong	Datos del viajero	Detalye ng biyahero	Voyageurs	Thông tin hành khách	यात्री विवरण	ข้อมูลผู้เดินทาง	旅行者情報	여행자 정보
性別	Jenis kelamin	Jantina	Género	Kasarian	Genre	Giới tính	लिंग	เพศ	性別	성별
出生日期	Tanggal lahir	Tarikh lahir	Fecha de nacimiento	Kaarawan	Date de naissance	Ngày sinh	जन्म तिथि	วันเกิด	生年月日	생년월일
設備資訊	Info perangkat	Maklumat peranti	Información del dispositivo	Device info	Appareil	Thông tin thiết bị	डिवाइस जानकारी	ข้อมูลอุปกรณ์	端末情報	기기 정보
手機型號	Model ponsel	Model telefon	Modelo de teléfono	Modelo ng phone	Modèle de téléphone	Mẫu điện thoại	फ़ोन मॉडल	รุ่นโทรศัพท์	機種	휴대폰 모델
抵達航班資訊	Penerbangan tiba	Penerbangan ketibaan	Vuelo de llegada	Arrival flight	Vol d'arrivée	Chuyến bay đến	आगमन उड़ान	เที่ยวบินขาเข้า	到着便	도착 항공편
離境航班資訊	Penerbangan pulang	Penerbangan berlepas	Vuelo de salida	Departure flight	Vol de départ	Chuyến bay đi	प्रस्थान उड़ान	เที่ยวบินขาออก	出発便	출발 항공편
備註	Catatan	Catatan	Notas	Mga tala	Remarques	Ghi chú	टिप्पणी	หมายเหตุ	備考	비고
商品費用	Biaya produk	Kos produk	Coste del producto	Halaga ng produkto	Coût du produit	Chi phí sản phẩm	उत्पाद लागत	ค่าสินค้า	商品料金	상품 금액
訂單金額	Total pesanan	Jumlah tempahan	Total del pedido	Kabuuan ng order	Total commande	Tổng đơn hàng	ऑर्डर राशि	ยอดสั่งซื้อ	注文金額	주문 금액
下一步	Lanjut	Seterusnya	Siguiente	Susunod	Suivant	Tiếp theo	आगे	ถัดไป	次へ	다음
此欄位必填	Wajib diisi	Wajib diisi	Campo obligatorio	Kailangan ito	Champ obligatoire	Trường bắt buộc	यह फ़ील्ड आवश्यक है	จำเป็นต้องกรอก	必須項目です	필수 입력 항목
請選擇	Pilih	Pilih	Seleccionar	Pumili	Sélectionner	Chọn	चुनें	เลือก	選択	선택
是	Ya	Ya	Sí	Oo	Oui	Có	हाँ	ใช่	はい	예
否	Tidak	Tidak	No	Hindi	Non	Không	नहीं	ไม่	いいえ	아니요
男	Laki-laki	Lelaki	Hombre	Lalaki	Homme	Nam	पुरुष	ชาย	男性	남성
女	Perempuan	Perempuan	Mujer	Babae	Femme	Nữ	महिला	หญิง	女性	여성
付款方式	Metode pembayaran	Kaedah pembayaran	Método de pago	Paraan ng bayad	Mode de paiement	Phương thức thanh toán	भुगतान विधि	วิธีชำระเงิน	お支払い方法	결제 수단
付款明細	Rincian pembayaran	Butiran pembayaran	Detalle del pago	Detalye ng bayad	Détail du paiement	Chi tiết thanh toán	भुगतान विवरण	รายละเอียดการชำระ	お支払い明細	결제 내역
支付金額	Jumlah bayar	Jumlah bayaran	Importe a pagar	Halagang babayaran	Montant à payer	Số tiền thanh toán	देय राशि	ยอดชำระ	お支払い金額	결제 금액
確認付款	Konfirmasi pembayaran	Sahkan pembayaran	Confirmar pago	Kumpirmahin ang bayad	Confirmer le paiement	Xác nhận thanh toán	भुगतान पुष्टि	ยืนยันการชำระ	支払いを確定	결제 확인
上一頁	Sebelumnya	Sebelum	Anterior	Nakaraan	Précédent	Trước	पिछला	ก่อนหน้า	前へ	이전
下一頁	Berikutnya	Seterusnya	Siguiente	Susunod	Suivant	Tiếp	अगला	ถัดไป	次へ	다음
非常好	Sangat baik	Sangat baik	Excelente	Napakahusay	Excellent	Xuất sắc	बहुत अच्छा	ยอดเยี่ยม	とても良い	매우 좋음
很好	Baik	Baik	Muy bueno	Mahusay	Très bien	Rất tốt	अच्छा	ดีมาก	良い	좋음
週一	Sen	Isn	Lun	Lun	Lun	T2	सोम	จ.	月	월
週二	Sel	Sel	Mar	Mar	Mar	T3	मंगल	อ.	火	화
週三	Rab	Rab	Mié	Miy	Mer	T4	बुध	พ.	水	수
週四	Kam	Kha	Jue	Huw	Jeu	T5	गुरु	พฤ.	木	목
週五	Jum	Jum	Vie	Biy	Ven	T6	शुक्र	ศ.	金	금
週六	Sab	Sab	Sáb	Sab	Sam	T7	शनि	ส.	土	토
週日	Min	Ahd	Dom	Lin	Dim	CN	रवि	อา.	日	일
日本	Jepang	Jepun	Japón	Japan	Japon	Nhật Bản	जापान	ญี่ปุ่น	日本	일본
韓國	Korea	Korea	Corea	Korea	Corée	Hàn Quốc	कोरिया	เกาหลี	韓国	한국
泰國	Thailand	Thailand	Tailandia	Thailand	Thaïlande	Thái Lan	थाईलैंड	ไทย	タイ	태국
新加坡	Singapura	Singapura	Singapur	Singapore	Singapour	Singapore	सिंगापुर	สิงคโปร์	シンガポール	싱가포르
澳大利亞	Australia	Australia	Australia	Australia	Australie	Úc	ऑस्ट्रेलिया	ออสเตรเลีย	オーストラリア	호주
迪拜	Dubai	Dubai	Dubái	Dubai	Dubaï	Dubai	दुबई	ดูไบ	ドバイ	두바이
法國	Prancis	Perancis	Francia	France	France	Pháp	फ़्रांस	ฝรั่งเศส	フランス	프랑스
亞洲通	Asia Pass	Asia Pass	Asia Pass	Asia Pass	Pass Asie	Asia Pass	एशिया पास	Asia Pass	アジア周遊	아시아 패스
東南亞	Asia Tenggara	Asia Tenggara	Sudeste Asiático	Timog-Silangang Asya	Asie du Sud-Est	Đông Nam Á	दक्षिण-पूर्व एशिया	เอเชียตะวันออกเฉียงใต้	東南アジア	동남아시아
北歐地區	Nordik	Nordik	Países nórdicos	Nordic	Pays nordiques	Bắc Âu	नॉर्डिक	นอร์ดิก	北欧	북유럽
中國	Tiongkok	China	China	China	Chine	Trung Quốc	चीन	จีน	中国	중국
香港	Hong Kong	Hong Kong	Hong Kong	Hong Kong	Hong Kong	Hồng Kông	हांगकांग	ฮ่องกง	香港	홍콩
台灣	Taiwan	Taiwan	Taiwán	Taiwan	Taïwan	Đài Loan	ताइवान	ไต้หวัน	台湾	대만
美國	Amerika Serikat	Amerika Syarikat	Estados Unidos	Estados Unidos	États-Unis	Hoa Kỳ	अमेरिका	สหรัฐอเมริกา	アメリカ	미국
英國	Inggris	United Kingdom	Reino Unido	United Kingdom	Royaume-Uni	Anh	यूके	สหราชอาณาจักร	イギリス	영국
越南	Vietnam	Vietnam	Vietnam	Vietnam	Vietnam	Việt Nam	वियतनाम	เวียดนาม	ベトナム	베트남
馬來西亞	Malaysia	Malaysia	Malasia	Malaysia	Malaisie	Malaysia	मलेशिया	มาเลเซีย	マレーシア	말레이시아
菲律賓	Filipina	Filipina	Filipinas	Pilipinas	Philippines	Philippines	फ़िलीपींस	ฟิลิปปินส์	フィリピン	필리핀
印度尼西亞	Indonesia	Indonesia	Indonesia	Indonesia	Indonésie	Indonesia	इंडोनेशिया	อินโดนีเซีย	インドネシア	인도네시아
土耳其	Turki	Turki	Turquía	Turkey	Turquie	Thổ Nhĩ Kỳ	तुर्की	ตุรกี	トルコ	튀르키예
